{
  "hypothesis": "H3",
  "timestamp": "2026-03-11T14:51:43",
  "n_variants": 4,
  "variants": [
    {
      "hypothesis": "H3",
      "variant_name": "ML-only",
      "metrics": {
        "precision_cancelamento": 1.0,
        "recall_cancelamento": 0.90625,
        "f1_cancelamento": 0.9508196721311475,
        "precision_compra": 0.6,
        "recall_compra": 0.5833333333333334,
        "f1_compra": 0.591549295774648,
        "precision_duvida_produto": 0.74,
        "recall_duvida_produto": 0.7254901960784313,
        "f1_duvida_produto": 0.7326732673267328,
        "precision_duvida_servico": 0.8070175438596491,
        "recall_duvida_servico": 0.92,
        "f1_duvida_servico": 0.8598130841121495,
        "precision_elogio": 0.9285714285714286,
        "recall_elogio": 0.5909090909090909,
        "f1_elogio": 0.7222222222222223,
        "precision_outros": 0.5,
        "recall_outros": 0.15,
        "f1_outros": 0.23076923076923075,
        "precision_reclamacao": 0.6666666666666666,
        "recall_reclamacao": 0.9454545454545454,
        "f1_reclamacao": 0.7819548872180451,
        "precision_saudacao": 0.8823529411764706,
        "recall_saudacao": 0.5769230769230769,
        "f1_saudacao": 0.6976744186046512,
        "precision_suporte_tecnico": 0.7692307692307693,
        "recall_suporte_tecnico": 0.8695652173913043,
        "f1_suporte_tecnico": 0.8163265306122449,
        "macro_f1": 0.7093114009745636
      },
      "config": {
        "type": "ml_only",
        "classifier": "lightgbm"
      },
      "duration_ms": 39.849700006016064,
      "per_query_scores": null
    },
    {
      "hypothesis": "H3",
      "variant_name": "Rules-only",
      "metrics": {
        "precision_cancelamento": 0.5079365079365079,
        "recall_cancelamento": 1.0,
        "f1_cancelamento": 0.6736842105263158,
        "precision_compra": 0.0,
        "recall_compra": 0.0,
        "f1_compra": 0.0,
        "precision_duvida_produto": 0.0,
        "recall_duvida_produto": 0.0,
        "f1_duvida_produto": 0.0,
        "precision_duvida_servico": 0.0,
        "recall_duvida_servico": 0.0,
        "f1_duvida_servico": 0.0,
        "precision_elogio": 0.0,
        "recall_elogio": 0.0,
        "f1_elogio": 0.0,
        "precision_outros": 0.07755102040816327,
        "recall_outros": 0.95,
        "f1_outros": 0.14339622641509434,
        "precision_reclamacao": 0.5,
        "recall_reclamacao": 0.2727272727272727,
        "f1_reclamacao": 0.3529411764705882,
        "precision_saudacao": 0.0,
        "recall_saudacao": 0.0,
        "f1_saudacao": 0.0,
        "precision_suporte_tecnico": 0.0,
        "recall_suporte_tecnico": 0.0,
        "f1_suporte_tecnico": 0.0,
        "macro_f1": 0.13000240149022202
      },
      "config": {
        "type": "rules_only",
        "rules": [
          "rule_cancel",
          "rule_complaint"
        ]
      },
      "duration_ms": 102.97448799974518,
      "per_query_scores": null
    },
    {
      "hypothesis": "H3",
      "variant_name": "ML+Rules-override",
      "metrics": {
        "precision_cancelamento": 0.5079365079365079,
        "recall_cancelamento": 1.0,
        "f1_cancelamento": 0.6736842105263158,
        "precision_compra": 0.5882352941176471,
        "recall_compra": 0.5555555555555556,
        "f1_compra": 0.5714285714285715,
        "precision_duvida_produto": 0.6976744186046512,
        "recall_duvida_produto": 0.5882352941176471,
        "f1_duvida_produto": 0.6382978723404256,
        "precision_duvida_servico": 0.7435897435897436,
        "recall_duvida_servico": 0.58,
        "f1_duvida_servico": 0.6516853932584269,
        "precision_elogio": 0.9285714285714286,
        "recall_elogio": 0.5909090909090909,
        "f1_elogio": 0.7222222222222223,
        "precision_outros": 0.5,
        "recall_outros": 0.15,
        "f1_outros": 0.23076923076923075,
        "precision_reclamacao": 0.5866666666666667,
        "recall_reclamacao": 0.8,
        "f1_reclamacao": 0.676923076923077,
        "precision_saudacao": 0.8823529411764706,
        "recall_saudacao": 0.5769230769230769,
        "f1_saudacao": 0.6976744186046512,
        "precision_suporte_tecnico": 0.7446808510638298,
        "recall_suporte_tecnico": 0.7608695652173914,
        "f1_suporte_tecnico": 0.7526881720430109,
        "macro_f1": 0.6239303520128814
      },
      "config": {
        "type": "ml_rules_override",
        "classifier": "lightgbm"
      },
      "duration_ms": 91.48215599998366,
      "per_query_scores": null
    },
    {
      "hypothesis": "H3",
      "variant_name": "ML+Rules-feature",
      "metrics": {
        "precision_cancelamento": 1.0,
        "recall_cancelamento": 1.0,
        "f1_cancelamento": 1.0,
        "precision_compra": 0.6206896551724138,
        "recall_compra": 0.5,
        "f1_compra": 0.5538461538461539,
        "precision_duvida_produto": 0.7692307692307693,
        "recall_duvida_produto": 0.7843137254901961,
        "f1_duvida_produto": 0.7766990291262137,
        "precision_duvida_servico": 0.7931034482758621,
        "recall_duvida_servico": 0.92,
        "f1_duvida_servico": 0.851851851851852,
        "precision_elogio": 0.8666666666666667,
        "recall_elogio": 0.5909090909090909,
        "f1_elogio": 0.7027027027027029,
        "precision_outros": 0.6666666666666666,
        "recall_outros": 0.2,
        "f1_outros": 0.30769230769230765,
        "precision_reclamacao": 0.7027027027027027,
        "recall_reclamacao": 0.9454545454545454,
        "f1_reclamacao": 0.806201550387597,
        "precision_saudacao": 0.7368421052631579,
        "recall_saudacao": 0.5384615384615384,
        "f1_saudacao": 0.6222222222222222,
        "precision_suporte_tecnico": 0.7547169811320755,
        "recall_suporte_tecnico": 0.8695652173913043,
        "f1_suporte_tecnico": 0.8080808080808081,
        "macro_f1": 0.714366291767762
      },
      "config": {
        "type": "ml_rules_feature",
        "classifier": "lightgbm"
      },
      "duration_ms": 7238.758936000522,
      "per_query_scores": null
    }
  ]
}