{
  "hypothesis": "H3",
  "timestamp": "2026-03-11T10:01:37",
  "n_variants": 4,
  "variants": [
    {
      "hypothesis": "H3",
      "variant_name": "ML-only",
      "metrics": {
        "precision_cancelamento": 1.0,
        "recall_cancelamento": 0.9473684210526315,
        "f1_cancelamento": 0.972972972972973,
        "precision_compra": 0.5789473684210527,
        "recall_compra": 0.5789473684210527,
        "f1_compra": 0.5789473684210527,
        "precision_duvida_produto": 0.7083333333333334,
        "recall_duvida_produto": 0.68,
        "f1_duvida_produto": 0.6938775510204083,
        "precision_duvida_servico": 0.8571428571428571,
        "recall_duvida_servico": 0.782608695652174,
        "f1_duvida_servico": 0.8181818181818182,
        "precision_elogio": 1.0,
        "recall_elogio": 0.5294117647058824,
        "f1_elogio": 0.6923076923076924,
        "precision_outros": 0.2,
        "recall_outros": 0.14285714285714285,
        "f1_outros": 0.16666666666666666,
        "precision_reclamacao": 0.6129032258064516,
        "recall_reclamacao": 0.76,
        "f1_reclamacao": 0.6785714285714285,
        "precision_saudacao": 0.6875,
        "recall_saudacao": 0.6470588235294118,
        "f1_saudacao": 0.6666666666666667,
        "precision_suporte_tecnico": 0.5625,
        "recall_suporte_tecnico": 0.8571428571428571,
        "f1_suporte_tecnico": 0.6792452830188678,
        "macro_f1": 0.6608263830919526
      },
      "config": {
        "type": "ml_only",
        "classifier": "lightgbm"
      },
      "duration_ms": 39.89411299698986,
      "per_query_scores": null
    },
    {
      "hypothesis": "H3",
      "variant_name": "Rules-only",
      "metrics": {
        "precision_cancelamento": 0.7037037037037037,
        "recall_cancelamento": 1.0,
        "f1_cancelamento": 0.8260869565217391,
        "precision_compra": 0.0,
        "recall_compra": 0.0,
        "f1_compra": 0.0,
        "precision_duvida_produto": 0.0,
        "recall_duvida_produto": 0.0,
        "f1_duvida_produto": 0.0,
        "precision_duvida_servico": 0.0,
        "recall_duvida_servico": 0.0,
        "f1_duvida_servico": 0.0,
        "precision_elogio": 0.0,
        "recall_elogio": 0.0,
        "f1_elogio": 0.0,
        "precision_outros": 0.09722222222222222,
        "recall_outros": 1.0,
        "f1_outros": 0.17721518987341772,
        "precision_reclamacao": 0.5555555555555556,
        "recall_reclamacao": 0.2,
        "f1_reclamacao": 0.29411764705882354,
        "precision_saudacao": 0.0,
        "recall_saudacao": 0.0,
        "f1_saudacao": 0.0,
        "precision_suporte_tecnico": 0.0,
        "recall_suporte_tecnico": 0.0,
        "f1_suporte_tecnico": 0.0,
        "macro_f1": 0.14415775482822005
      },
      "config": {
        "type": "rules_only",
        "rules": [
          "rule_cancel",
          "rule_complaint"
        ]
      },
      "duration_ms": 86.28831600071862,
      "per_query_scores": null
    },
    {
      "hypothesis": "H3",
      "variant_name": "ML+Rules-override",
      "metrics": {
        "precision_cancelamento": 0.7037037037037037,
        "recall_cancelamento": 1.0,
        "f1_cancelamento": 0.8260869565217391,
        "precision_compra": 0.5555555555555556,
        "recall_compra": 0.5263157894736842,
        "f1_compra": 0.5405405405405405,
        "precision_duvida_produto": 0.7619047619047619,
        "recall_duvida_produto": 0.64,
        "f1_duvida_produto": 0.6956521739130435,
        "precision_duvida_servico": 0.8421052631578947,
        "recall_duvida_servico": 0.6956521739130435,
        "f1_duvida_servico": 0.761904761904762,
        "precision_elogio": 1.0,
        "recall_elogio": 0.5294117647058824,
        "f1_elogio": 0.6923076923076924,
        "precision_outros": 0.2,
        "recall_outros": 0.14285714285714285,
        "f1_outros": 0.16666666666666666,
        "precision_reclamacao": 0.5333333333333333,
        "recall_reclamacao": 0.64,
        "f1_reclamacao": 0.5818181818181818,
        "precision_saudacao": 0.6666666666666666,
        "recall_saudacao": 0.5882352941176471,
        "f1_saudacao": 0.625,
        "precision_suporte_tecnico": 0.5483870967741935,
        "recall_suporte_tecnico": 0.8095238095238095,
        "f1_suporte_tecnico": 0.6538461538461537,
        "macro_f1": 0.6159803475020866
      },
      "config": {
        "type": "ml_rules_override",
        "classifier": "lightgbm"
      },
      "duration_ms": 78.0590550020861,
      "per_query_scores": null
    },
    {
      "hypothesis": "H3",
      "variant_name": "ML+Rules-feature",
      "metrics": {
        "precision_cancelamento": 0.9473684210526315,
        "recall_cancelamento": 0.9473684210526315,
        "f1_cancelamento": 0.9473684210526315,
        "precision_compra": 0.65,
        "recall_compra": 0.6842105263157895,
        "f1_compra": 0.6666666666666667,
        "precision_duvida_produto": 0.6923076923076923,
        "recall_duvida_produto": 0.72,
        "f1_duvida_produto": 0.7058823529411765,
        "precision_duvida_servico": 0.8571428571428571,
        "recall_duvida_servico": 0.782608695652174,
        "f1_duvida_servico": 0.8181818181818182,
        "precision_elogio": 0.9090909090909091,
        "recall_elogio": 0.5882352941176471,
        "f1_elogio": 0.7142857142857143,
        "precision_outros": 0.3333333333333333,
        "recall_outros": 0.21428571428571427,
        "f1_outros": 0.2608695652173913,
        "precision_reclamacao": 0.5625,
        "recall_reclamacao": 0.72,
        "f1_reclamacao": 0.631578947368421,
        "precision_saudacao": 0.7272727272727273,
        "recall_saudacao": 0.47058823529411764,
        "f1_saudacao": 0.5714285714285714,
        "precision_suporte_tecnico": 0.5483870967741935,
        "recall_suporte_tecnico": 0.8095238095238095,
        "f1_suporte_tecnico": 0.6538461538461537,
        "macro_f1": 0.6633453567765049
      },
      "config": {
        "type": "ml_rules_feature",
        "classifier": "lightgbm"
      },
      "duration_ms": 9849.907384999824,
      "per_query_scores": null
    }
  ]
}