{
  "hypothesis": "H2",
  "timestamp": "2026-03-11T10:04:40",
  "n_variants": 6,
  "variants": [
    {
      "hypothesis": "H2",
      "variant_name": "lexical_LogReg",
      "metrics": {
        "mean_precision": 0.0583,
        "mean_recall": 0.0667,
        "mean_f1": 0.0611,
        "micro_f1": 0.1071,
        "macro_f1": 0.0899,
        "f1_cancelamento": 0.0,
        "f1_compra": 0.0,
        "f1_duvida_produto": 0.11428571428571428,
        "f1_duvida_servico": 0.19354838709677416,
        "f1_elogio": 0.25,
        "f1_outros": 0.0,
        "f1_reclamacao": 0.17142857142857143,
        "f1_saudacao": 0.07999999999999999,
        "f1_suporte_tecnico": 0.0
      },
      "config": {
        "classifier": "LogReg",
        "features": "lexical"
      },
      "duration_ms": 1246.214324997709,
      "per_query_scores": null
    },
    {
      "hypothesis": "H2",
      "variant_name": "lexical_LightGBM",
      "metrics": {
        "mean_precision": 0.1944,
        "mean_recall": 0.2333,
        "mean_f1": 0.2074,
        "micro_f1": 0.2159,
        "macro_f1": 0.2079,
        "f1_cancelamento": 0.2,
        "f1_compra": 0.1702127659574468,
        "f1_duvida_produto": 0.16666666666666666,
        "f1_duvida_servico": 0.2916666666666667,
        "f1_elogio": 0.34285714285714286,
        "f1_outros": 0.12121212121212122,
        "f1_reclamacao": 0.30303030303030304,
        "f1_saudacao": 0.12903225806451615,
        "f1_suporte_tecnico": 0.14634146341463414
      },
      "config": {
        "classifier": "LightGBM",
        "features": "lexical"
      },
      "duration_ms": 847.0226879981055,
      "per_query_scores": null
    },
    {
      "hypothesis": "H2",
      "variant_name": "lexical_MLP",
      "metrics": {
        "mean_precision": 0.1,
        "mean_recall": 0.1,
        "mean_f1": 0.1,
        "micro_f1": 0.1084,
        "macro_f1": 0.0235,
        "f1_cancelamento": 0.0,
        "f1_compra": 0.0,
        "f1_duvida_produto": 0.0,
        "f1_duvida_servico": 0.0,
        "f1_elogio": 0.0,
        "f1_outros": 0.0,
        "f1_reclamacao": 0.0,
        "f1_saudacao": 0.0,
        "f1_suporte_tecnico": 0.21176470588235294
      },
      "config": {
        "classifier": "MLP",
        "features": "lexical"
      },
      "duration_ms": 107.41353899720707,
      "per_query_scores": null
    },
    {
      "hypothesis": "H2",
      "variant_name": "lexical+emb_LogReg",
      "metrics": {
        "mean_precision": 0.575,
        "mean_recall": 0.6111,
        "mean_f1": 0.587,
        "micro_f1": 0.6268,
        "macro_f1": 0.5867,
        "f1_cancelamento": 0.9473684210526315,
        "f1_compra": 0.2857142857142857,
        "f1_duvida_produto": 0.6538461538461539,
        "f1_duvida_servico": 0.7727272727272727,
        "f1_elogio": 0.7741935483870968,
        "f1_outros": 0.125,
        "f1_reclamacao": 0.6333333333333332,
        "f1_saudacao": 0.45161290322580644,
        "f1_suporte_tecnico": 0.6363636363636365
      },
      "config": {
        "classifier": "LogReg",
        "features": "lexical+emb"
      },
      "duration_ms": 88905.25310099838,
      "per_query_scores": null
    },
    {
      "hypothesis": "H2",
      "variant_name": "lexical+emb_LightGBM",
      "metrics": {
        "mean_precision": 0.6722,
        "mean_recall": 0.7167,
        "mean_f1": 0.687,
        "micro_f1": 0.6772,
        "macro_f1": 0.6649,
        "f1_cancelamento": 0.972972972972973,
        "f1_compra": 0.6046511627906976,
        "f1_duvida_produto": 0.6538461538461539,
        "f1_duvida_servico": 0.8085106382978724,
        "f1_elogio": 0.6666666666666667,
        "f1_outros": 0.29629629629629634,
        "f1_reclamacao": 0.6551724137931034,
        "f1_saudacao": 0.6470588235294118,
        "f1_suporte_tecnico": 0.6785714285714285
      },
      "config": {
        "classifier": "LightGBM",
        "features": "lexical+emb"
      },
      "duration_ms": 9360.838446002163,
      "per_query_scores": null
    },
    {
      "hypothesis": "H2",
      "variant_name": "lexical+emb_MLP",
      "metrics": {
        "mean_precision": 0.0222,
        "mean_recall": 0.0222,
        "mean_f1": 0.0222,
        "micro_f1": 0.0432,
        "macro_f1": 0.0386,
        "f1_cancelamento": 0.34782608695652173,
        "f1_compra": 0.0,
        "f1_duvida_produto": 0.0,
        "f1_duvida_servico": 0.0,
        "f1_elogio": 0.0,
        "f1_outros": 0.0,
        "f1_reclamacao": 0.0,
        "f1_saudacao": 0.0,
        "f1_suporte_tecnico": 0.0
      },
      "config": {
        "classifier": "MLP",
        "features": "lexical+emb"
      },
      "duration_ms": 1418.597593998129,
      "per_query_scores": null
    }
  ]
}