{
  "hypothesis": "ablation",
  "timestamp": "2026-03-11T16:54:53",
  "n_variants": 7,
  "variants": [
    {
      "hypothesis": "ablation",
      "variant_name": "full_pipeline",
      "metrics": {
        "macro_f1": 0.714366291767762,
        "n_features": 397,
        "precision_cancelamento": 1.0,
        "recall_cancelamento": 1.0,
        "f1_cancelamento": 1.0,
        "precision_compra": 0.6206896551724138,
        "recall_compra": 0.5,
        "f1_compra": 0.5538461538461539,
        "precision_duvida_produto": 0.7692307692307693,
        "recall_duvida_produto": 0.7843137254901961,
        "f1_duvida_produto": 0.7766990291262137,
        "precision_duvida_servico": 0.7931034482758621,
        "recall_duvida_servico": 0.92,
        "f1_duvida_servico": 0.851851851851852,
        "precision_elogio": 0.8666666666666667,
        "recall_elogio": 0.5909090909090909,
        "f1_elogio": 0.7027027027027029,
        "precision_outros": 0.6666666666666666,
        "recall_outros": 0.2,
        "f1_outros": 0.30769230769230765,
        "precision_reclamacao": 0.7027027027027027,
        "recall_reclamacao": 0.9454545454545454,
        "f1_reclamacao": 0.806201550387597,
        "precision_saudacao": 0.7368421052631579,
        "recall_saudacao": 0.5384615384615384,
        "f1_saudacao": 0.6222222222222222,
        "precision_suporte_tecnico": 0.7547169811320755,
        "recall_suporte_tecnico": 0.8695652173913043,
        "f1_suporte_tecnico": 0.8080808080808081
      },
      "config": {
        "type": "ablation",
        "include": [
          "lexical",
          "structural",
          "embedding",
          "rules"
        ],
        "n_features": 397
      },
      "duration_ms": 6015.8805809987825,
      "per_query_scores": null
    },
    {
      "hypothesis": "ablation",
      "variant_name": "-Embeddings",
      "metrics": {
        "macro_f1": 0.3643758094377445,
        "n_features": 13,
        "precision_cancelamento": 0.7647058823529411,
        "recall_cancelamento": 0.8125,
        "f1_cancelamento": 0.787878787878788,
        "precision_compra": 0.14814814814814814,
        "recall_compra": 0.1111111111111111,
        "f1_compra": 0.12698412698412698,
        "precision_duvida_produto": 0.3148148148148148,
        "recall_duvida_produto": 0.3333333333333333,
        "f1_duvida_produto": 0.32380952380952377,
        "precision_duvida_servico": 0.32075471698113206,
        "recall_duvida_servico": 0.34,
        "f1_duvida_servico": 0.3300970873786408,
        "precision_elogio": 0.5294117647058824,
        "recall_elogio": 0.4090909090909091,
        "f1_elogio": 0.46153846153846156,
        "precision_outros": 0.1111111111111111,
        "recall_outros": 0.05,
        "f1_outros": 0.06896551724137932,
        "precision_reclamacao": 0.3548387096774194,
        "recall_reclamacao": 0.4,
        "f1_reclamacao": 0.37606837606837606,
        "precision_saudacao": 0.3793103448275862,
        "recall_saudacao": 0.4230769230769231,
        "f1_saudacao": 0.4,
        "precision_suporte_tecnico": 0.37735849056603776,
        "recall_suporte_tecnico": 0.43478260869565216,
        "f1_suporte_tecnico": 0.40404040404040403,
        "delta_f1": 0.3499904823300175,
        "pct_drop": 48.993140684722874
      },
      "config": {
        "type": "ablation",
        "include": [
          "lexical",
          "structural",
          "rules"
        ],
        "n_features": 13
      },
      "duration_ms": 487.5598649960011,
      "per_query_scores": null
    },
    {
      "hypothesis": "ablation",
      "variant_name": "-Lexical",
      "metrics": {
        "macro_f1": 0.6992383549368447,
        "n_features": 390,
        "precision_cancelamento": 1.0,
        "recall_cancelamento": 1.0,
        "f1_cancelamento": 1.0,
        "precision_compra": 0.5882352941176471,
        "recall_compra": 0.5555555555555556,
        "f1_compra": 0.5714285714285715,
        "precision_duvida_produto": 0.7307692307692307,
        "recall_duvida_produto": 0.7450980392156863,
        "f1_duvida_produto": 0.7378640776699028,
        "precision_duvida_servico": 0.8490566037735849,
        "recall_duvida_servico": 0.9,
        "f1_duvida_servico": 0.8737864077669903,
        "precision_elogio": 0.9230769230769231,
        "recall_elogio": 0.5454545454545454,
        "f1_elogio": 0.6857142857142856,
        "precision_outros": 0.4,
        "recall_outros": 0.1,
        "f1_outros": 0.16000000000000003,
        "precision_reclamacao": 0.6625,
        "recall_reclamacao": 0.9636363636363636,
        "f1_reclamacao": 0.7851851851851853,
        "precision_saudacao": 0.7894736842105263,
        "recall_saudacao": 0.5769230769230769,
        "f1_saudacao": 0.6666666666666666,
        "precision_suporte_tecnico": 0.78,
        "recall_suporte_tecnico": 0.8478260869565217,
        "f1_suporte_tecnico": 0.8125,
        "delta_f1": 0.015127936830917288,
        "pct_drop": 2.1176722649499435
      },
      "config": {
        "type": "ablation",
        "include": [
          "structural",
          "embedding",
          "rules"
        ],
        "n_features": 390
      },
      "duration_ms": 6153.643247998843,
      "per_query_scores": null
    },
    {
      "hypothesis": "ablation",
      "variant_name": "-Rules",
      "metrics": {
        "macro_f1": 0.7093114009745636,
        "n_features": 395,
        "precision_cancelamento": 1.0,
        "recall_cancelamento": 0.90625,
        "f1_cancelamento": 0.9508196721311475,
        "precision_compra": 0.6,
        "recall_compra": 0.5833333333333334,
        "f1_compra": 0.591549295774648,
        "precision_duvida_produto": 0.74,
        "recall_duvida_produto": 0.7254901960784313,
        "f1_duvida_produto": 0.7326732673267328,
        "precision_duvida_servico": 0.8070175438596491,
        "recall_duvida_servico": 0.92,
        "f1_duvida_servico": 0.8598130841121495,
        "precision_elogio": 0.9285714285714286,
        "recall_elogio": 0.5909090909090909,
        "f1_elogio": 0.7222222222222223,
        "precision_outros": 0.5,
        "recall_outros": 0.15,
        "f1_outros": 0.23076923076923075,
        "precision_reclamacao": 0.6666666666666666,
        "recall_reclamacao": 0.9454545454545454,
        "f1_reclamacao": 0.7819548872180451,
        "precision_saudacao": 0.8823529411764706,
        "recall_saudacao": 0.5769230769230769,
        "f1_saudacao": 0.6976744186046512,
        "precision_suporte_tecnico": 0.7692307692307693,
        "recall_suporte_tecnico": 0.8695652173913043,
        "f1_suporte_tecnico": 0.8163265306122449,
        "delta_f1": 0.00505489079319843,
        "pct_drop": 0.7076048872196447
      },
      "config": {
        "type": "ablation",
        "include": [
          "lexical",
          "structural",
          "embedding"
        ],
        "n_features": 395
      },
      "duration_ms": 6139.742281004146,
      "per_query_scores": null
    },
    {
      "hypothesis": "ablation",
      "variant_name": "-Structural",
      "metrics": {
        "macro_f1": 0.7223240491254159,
        "n_features": 393,
        "precision_cancelamento": 0.9696969696969697,
        "recall_cancelamento": 1.0,
        "f1_cancelamento": 0.9846153846153847,
        "precision_compra": 0.625,
        "recall_compra": 0.5555555555555556,
        "f1_compra": 0.5882352941176471,
        "precision_duvida_produto": 0.7735849056603774,
        "recall_duvida_produto": 0.803921568627451,
        "f1_duvida_produto": 0.7884615384615384,
        "precision_duvida_servico": 0.8245614035087719,
        "recall_duvida_servico": 0.94,
        "f1_duvida_servico": 0.8785046728971964,
        "precision_elogio": 0.9285714285714286,
        "recall_elogio": 0.5909090909090909,
        "f1_elogio": 0.7222222222222223,
        "precision_outros": 0.6666666666666666,
        "recall_outros": 0.2,
        "f1_outros": 0.30769230769230765,
        "precision_reclamacao": 0.6891891891891891,